x(cm),x_relative,B_fit(mT)
0.0,-11.0,2.0189318411007067
0.046092184368736966,-10.953907815631263,2.040184999286458
0.09218436873747571,-10.907815631262524,2.0615672595541406
0.13827655310621267,-10.861723446893787,2.0830780448286244
0.18436873747494964,-10.81563126252505,2.1047167555098816
0.2304609218436866,-10.769539078156313,2.126482769361536
0.27655310621242535,-10.723446893787575,2.148375441403257
0.3226452905811623,-10.677354709418838,2.1703941038070473
0.3687374749498993,-10.6312625250501,2.1925380657975047
0.414829659318638,-10.585170340681362,2.2148066135560907
0.460921843687375,-10.539078156312625,2.2371990101294905
0.507014028056112,-10.492985971943888,2.2597144953421107
0.5531062124248489,-10.446893787575151,2.282352285712771
0.5991983967935877,-10.400801603206412,2.305111574375659
0.6452905811623246,-10.354709418837675,2.327991531005584
0.6913827655310616,-10.308617234468938,2.3509913017476176
0.7374749498998003,-10.2625250501002,2.3741100091511393
0.7835671342685373,-10.216432865731463,2.397346752108365
0.8296593186372743,-10.170340681362726,2.4207006057974105
0.8757515030060112,-10.124248496993989,2.444170621629929
0.92184368737475,-10.07815631262525,2.467755827203385
0.9679358717434869,-10.032064128256513,2.49145522625801
1.014028056112224,-9.985971943887776,2.515267798638498
1.0601202404809627,-9.939879759519037,2.5391925002604756
1.1062124248496996,-9.8937875751503,2.5632282630817937
1.1523046092184366,-9.847695390781563,2.5873739950787153
1.1983967935871735,-9.801603206412826,2.611628580227002
1.2444889779559123,-9.755511022044088,2.635990878487973
1.2905811623246493,-9.70941883767535,2.660459725799572
1.3366733466933862,-9.663326653306614,2.685033934072481
1.3827655310621232,-9.617234468937877,2.709712291191324
1.428857715430862,-9.571142284569138,2.734493561020998
1.474949899799599,-9.525050100200401,2.7593764834181704
1.5210420841683359,-9.478957915831664,2.7843597742479846
1.5671342685370746,-9.432865731462925,2.8094421254060022
1.6132264529058116,-9.386773547094188,2.834622204845414
1.6593186372745485,-9.340681362725451,2.8598986566095705
1.7054108216432873,-9.294589178356713,2.8852701008698407
1.7515030060120242,-9.248496993987976,2.910735133968842
1.7975951903807612,-9.202404809619239,2.936292328469077
1.8436873747494982,-9.156312625250502,2.961940233206986
1.889779559118237,-9.110220440881763,2.987677373352459
1.9358717434869739,-9.064128256513026,3.01350225047382
1.9819639278557108,-9.01803607214429,3.039413342608324
2.028056112224448,-8.971943887775552,3.065409104338165
2.0741482965931866,-8.925851703406813,3.091487966872035
2.1202404809619235,-8.879759519038076,3.1176483381322444
2.1663326653306605,-8.83366733466934,3.1438886028474244
2.2124248496993992,-8.7875751503006,3.1702071226508313
2.258517034068136,-8.741482965931864,3.1966022361842494
2.304609218436873,-8.695390781563127,3.2230722592075387
2.350701402805612,-8.649298597194388,3.2496154847138032
2.396793587174349,-8.603206412825651,3.276230183050216
2.442885771543086,-8.557114228456914,3.302914602044491
2.4889779559118246,-8.511022044088175,3.329666967137033
2.5350701402805615,-8.464929859719438,3.3564854815187317
2.5811623246492985,-8.418837675350701,3.3833683262744545
2.6272545090180355,-8.372745490981965,3.4103136605321893
2.6733466933867724,-8.326653306613228,3.4373196216178794
2.719438877755511,-8.280561122244489,3.4643843252159168
2.765531062124248,-8.234468937875752,3.491505865535315
2.811623246492985,-8.188376753507015,3.518682315481549
2.857715430861724,-8.142284569138276,3.5459117268340448
2.903807615230461,-8.09619238476954,3.573192130429333
2.949899799599198,-8.050100200400802,3.6005215363498317
2.9959919839679365,-8.004008016032063,3.6278979341182787
3.0420841683366735,-7.9579158316633265,3.6553192928977576
3.0881763527054105,-7.9118236472945895,3.682783561697354
3.1342685370741483,-7.865731462925852,3.7102886695833814
3.180360721442886,-7.819639278557114,3.737832525896181
3.226452905811623,-7.773547094188377,3.765413020472476
3.27254509018036,-7.72745490981964,3.7930280238732537
3.318637274549098,-7.681362725450902,3.820675387617148
3.364729458917836,-7.635270541082164,3.8483529444193114
3.410821643286573,-7.589178356713427,3.8760585084357286
3.4569138276553106,-7.543086172344689,3.903789875512981
3.5030060120240485,-7.4969939879759515,3.9315448234433736
3.5490981963927855,-7.4509018036072145,3.9593211122254623
3.5951903807615224,-7.404809619238478,3.9871164843298823
3.6412825651302603,-7.35871743486974,4.014928664970498
3.687374749498998,-7.312625250501002,4.0427553623808
3.733466933867735,-7.266533066132265,4.070594268095519
3.779559118236473,-7.220440881763527,4.098443057237441
3.825651302605211,-7.174348697394789,4.126299388809338
3.8717434869739478,-7.128256513026052,4.154160905991019
3.9178356713426847,-7.082164328657315,4.18202523644141
3.9639278557114226,-7.036072144288577,4.209889992605655
4.01002004008016,-6.98997995991984,4.237752772027166
4.056112224448897,-6.943887775551103,4.2656111576645825
4.102204408817635,-6.897795591182365,4.293462718213574
4.148296593186372,-6.851703406813628,4.321305008433466
4.19438877755511,-6.80561122244489,4.349135569478585
4.240480961923847,-6.759519038076153,4.37695192923431
4.286573146292585,-6.713426853707415,4.404751602657751
4.332665330661323,-6.667334669338677,4.432532092122997
4.37875751503006,-6.62124248496994,4.460290887770868
4.424849699398798,-6.575150300601202,4.488025467863128
4.4709418837675345,-6.5290581162324655,4.515733299141065
4.517034068136272,-6.482965931863728,4.543411837188389
4.563126252505009,-6.436873747494991,4.57105852679839
4.609218436873747,-6.390781563126253,4.598670802345258
4.655310621242485,-6.344689378757515,4.626246088159526
4.701402805611222,-6.298597194388778,4.653781798907533
4.74749498997996,-6.25250501002004,4.681275339974871
4.793587174348697,-6.206412825651303,4.70872410785369
4.839679358717435,-6.160320641282565,4.736125490533845
4.885771543086172,-6.114228456913828,4.7634768678977535
4.9318637274549095,-6.0681362725450905,4.790775612118914
4.977955911823647,-6.022044088176353,4.818019088063998
5.024048096192384,-5.975951903807616,4.845204653698434
5.070140280561122,-5.929859719438878,4.872329660495391
5.116232464929859,-5.883767535070141,4.899391453848095
5.162324649298597,-5.837675350701403,4.926387373485375
5.208416833667334,-5.791583166332666,4.953314753890361
5.254509018036072,-5.745490981963928,4.980170924722238
5.30060120240481,-5.69939879759519,5.006953211240988
5.346693386773547,-5.653306613226453,5.033658934734983
5.3927855711422845,-5.6072144288577155,5.060285412951393
5.4388777555110215,-5.5611222444889785,5.086829960529277
5.484969939879759,-5.515030060120241,5.113289889435277
5.531062124248496,-5.468937875751504,5.13966250940181
5.577154308617234,-5.422845691382766,5.165945128367683
5.623246492985972,-5.376753507014028,5.192135052921003
5.669338677354709,-5.330661322645291,5.218229588744314
5.715430861723447,-5.284569138276553,5.244226041061831
5.761523046092184,-5.238476953907816,5.270121715088702
5.807615230460922,-5.192384769539078,5.295913916482171
5.853707414829659,-5.146292585170341,5.321599951794547
5.8997995991983965,-5.1002004008016035,5.347177128927892
5.945891783567134,-5.054108216432866,5.372642757590291
5.991983967935871,-5.008016032064129,5.397994149753631
6.038076152304609,-4.961923847695391,5.423228620112768
6.084168336673346,-4.915831663326654,5.448343486545976
6.130260521042084,-4.869739478957916,5.47333607057657
6.176352705410821,-4.823647294589179,5.498203697835603
6.222444889779559,-4.777555110220441,5.522943698525518
6.268537074148297,-4.731462925851703,5.5475534078846565
6.314629258517034,-4.685370741482966,5.572030166652506
6.3607214428857715,-4.6392785571142285,5.59637132153557
6.406813627254508,-4.593186372745492,5.620574225673773
6.452905811623246,-4.547094188376754,5.644636239107261
6.498997995991983,-4.501002004008017,5.668554729243506
6.545090180360721,-4.454909819639279,5.692327071324591
6.591182364729459,-4.408817635270541,5.7159506488945695
6.637274549098196,-4.362725450901804,5.739422854266778
6.683366733466934,-4.316633266533066,5.762741088991002
6.729458917835671,-4.270541082164329,5.785902764320368
6.775551102204409,-4.224448897795591,5.808905301677851
6.821643286573146,-4.178356713426854,5.831746133122291
6.867735470941883,-4.132264529058117,5.854422701813792
6.913827655310621,-4.086172344689379,5.876932462478409
6.959919839679358,-4.040080160320642,5.8992728818719655
7.006012024048096,-3.993987975951904,5.92144143924296
7.052104208416833,-3.947895791583167,5.943435626794351
7.098196392785571,-3.901803607214429,5.9652529501442055
7.144288577154308,-3.855711422845692,5.986890928785016
7.190380761523046,-3.8096192384769543,6.008347096541615
7.236472945891784,-3.7635270541082164,6.029619002027559
7.2825651302605205,-3.7174348697394795,6.050704209099872
7.328657314629258,-3.6713426853707416,6.071600297312023
7.374749498997995,-3.6252505010020046,6.092304862365038
7.420841683366733,-3.579158316633267,6.112815516556633
7.46693386773547,-3.53306613226453,6.133129889228224
7.513026052104208,-3.486973947895792,6.153245627209747
7.559118236472946,-3.440881763527054,6.173160395262145
7.605210420841683,-3.394789579158317,6.192871876517407
7.651302605210421,-3.3486973947895793,6.212377772916072
7.697394789579158,-3.3026052104208423,6.2316758056420465
7.7434869739478955,-3.2565130260521045,6.250763715554682
7.7895791583166325,-3.2104208416833675,6.26963926361793
7.83567134268537,-3.1643286573146296,6.288300231326519
7.881763527054108,-3.118236472945892,6.30674442112904
7.927855711422845,-3.072144288577155,6.324969656847782
7.973947895791583,-3.026052104208417,6.342973784095283
8.02004008016032,-2.979959919839679,6.36075467068742
8.066132264529058,-2.933867735470942,6.378310207052985
8.112224448897795,-2.887775551102205,6.395638306639593
8.158316633266532,-2.841683366733468,6.412736906315858
8.20440881763527,-2.7955911823647295,6.4296039667697125
8.250501002004007,-2.7494989979959925,6.446237472902761
8.296593186372744,-2.7034068136272555,6.462635434220579
8.342685370741483,-2.657314629258517,6.478795885218847
8.38877755511022,-2.61122244488978,6.494716885765213
8.434869739478957,-2.565130260521043,6.5103965214768085
8.480961923847694,-2.519038076152306,6.52583290409328
8.527054108216433,-2.472945891783567,6.541024171845279
8.57314629258517,-2.42685370741483,6.555968489818267
8.619238476953907,-2.3807615230460932,6.570664050311597
8.665330661322646,-2.3346693386773545,6.585109073192731
8.711422845691382,-2.2885771543086175,6.599301806246502
8.75751503006012,-2.2424849699398806,6.613240525519366
8.803607214428856,-2.1963927855711436,6.626923535658515
8.849699398797595,-2.150300601202405,6.640349170245771
8.895791583166332,-2.104208416833668,6.653515792126179
8.941883767535069,-2.058116232464931,6.666421793731222
8.987975951903808,-2.012024048096192,6.679065597396525
9.034068136272545,-1.9659318637274552,6.691445655674037
9.080160320641282,-1.9198396793587182,6.703560451638536
9.126252505010019,-1.8737474949899813,6.715408499188426
9.172344689378757,-1.8276553106212425,6.726988343340724
9.218436873747494,-1.7815631262525056,6.738298560520146
9.264529058116231,-1.7354709418837686,6.74933775884226
9.31062124248497,-1.6893787575150299,6.760104578390561
9.356713426853707,-1.643286573146293,6.770597691487477
9.402805611222444,-1.597194388777556,6.78081580295915
9.448897795591181,-1.551102204408819,6.790757650393987
9.49498997995992,-1.5050100200400802,6.800422004394879
9.541082164328657,-1.4589178356713433,6.809807668825011
9.587174348697394,-1.4128256513026063,6.818913481047239
9.633266533066132,-1.3667334669338675,6.827738312156927
9.67935871743487,-1.3206412825651306,6.836281067208193
9.725450901803606,-1.2745490981963936,6.844540685433531
9.771543086172343,-1.2284569138276566,6.85251614045669
9.817635270541082,-1.182364729458918,6.860206440498834
9.863727454909819,-1.136272545090181,6.867610628577841
9.909819639278556,-1.090180360721444,6.87472778270076
9.955911823647295,-1.0440881763527052,6.881557016049323
10.002004008016032,-0.9979959919839683,6.888097477158491
10.048096192384769,-0.9519038076152313,6.894348350087984
10.094188376753506,-0.9058116232464943,6.900308854586721
10.140280561122244,-0.8597194388777556,6.90597824625017
10.186372745490981,-0.8136272545090186,6.911355816670517
10.232464929859718,-0.7675350701402817,6.916440893579667
10.278557114228457,-0.7214428857715429,6.92123284098498
10.324649298597194,-0.675350701402806,6.925731059297755
10.370741482965931,-0.629258517034069,6.929934985454394
10.416833667334668,-0.583166332665332,6.9338440930302365
10.462925851703407,-0.5370741482965933,6.937457892346017
10.509018036072144,-0.4909819639278563,6.940775930566918
10.55511022044088,-0.44488977955911935,6.943797791794212
10.60120240480962,-0.3987975951903806,6.9465230971494325
10.647294589178356,-0.35270541082164364,6.948951504851082
10.693386773547093,-0.3066132264529067,6.95108271028385
10.73947895791583,-0.2605210420841697,6.9529164460603035
10.785571142284569,-0.21442885771543096,6.954452482075049
10.831663326653306,-0.168336673346694,6.95569062555137
10.877755511022043,-0.12224448897795703,6.956630721080271
10.923847695390782,-0.07615230460921829,6.957272650651983
10.969939879759519,-0.030060120240481325,6.957616333679877
11.016032064128256,0.01603206412825564,6.957661727016804
11.062124248496993,0.06212424849699261,6.957408824963831
11.108216432865731,0.10821643286573135,6.956857659271402
11.154308617234468,0.15430861723446831,6.956008299132902
11.200400801603205,0.20040080160320528,6.954860851170632
11.246492985971944,0.24649298597194402,6.953415459414195
11.292585170340681,0.292585170340681,6.9516723052713125
11.338677354709418,0.33867735470941795,6.949631607491066
11.384769539078155,0.3847695390781549,6.947293622119567
11.430861723446894,0.43086172344689366,6.944658642448087
11.47695390781563,0.47695390781563063,6.941726998953655
11.523046092184368,0.5230460921843676,6.938499059232133
11.569138276553106,0.5691382765531063,6.934975227923779
11.615230460921843,0.6152304609218433,6.9311559466313515
11.66132264529058,0.6613226452905803,6.927041693830731
11.707414829659317,0.7074148296593172,6.922632984774128
11.753507014028056,0.753507014028056,6.917930371385871
11.799599198396793,0.7995991983967929,6.912934442150814
11.84569138276553,0.8456913827655299,6.907645821995404
11.891783567134269,0.8917835671342687,6.902065172161414
11.937875751503006,0.9378757515030056,6.8961931900724185
11.983967935871743,0.9839679358717426,6.890030609192996
12.03006012024048,1.0300601202404795,6.883578198880732
12.076152304609218,1.0761523046092183,6.8768367642310615
12.122244488977955,1.1222444889779553,6.869807145914974
12.168336673346692,1.1683366733466922,6.862490220009634
12.214428857715431,1.214428857715431,6.854886897821975
12.260521042084168,1.260521042084168,6.846998125705297
12.306613226452905,1.306613226452905,6.838824884868915
12.352705410821642,1.3527054108216419,6.8303681911809395
12.39879759519038,1.3987975951903806,6.821629094964202
12.444889779559118,1.4448897795591176,6.812608680785409
12.490981963927855,1.4909819639278545,6.803308067237571
12.537074148296593,1.5370741482965933,6.793728406715765
12.58316633266533,1.5831663326653302,6.783870885186289
12.629258517034067,1.6292585170340672,6.773736721949282
12.675350701402804,1.6753507014028042,6.763327169394861
12.721442885771543,1.721442885771543,6.752643512752837
12.76753507014028,1.7675350701402799,6.741687069836092
12.813627254509017,1.8136272545090169,6.730459190777684
12.859719438877756,1.8597194388777556,6.718961257761732
12.905811623246493,1.9058116232464926,6.7071946847481705
12.95190380761523,1.9519038076152295,6.695160917191454
12.997995991983966,1.9979959919839665,6.68286143175325
13.044088176352705,2.0440881763527052,6.670297736009254
13.090180360721442,2.090180360721442,6.657471368150148
13.13627254509018,2.136272545090179,6.644383896676818
13.182364729458918,2.182364729458918,6.631036920089901
13.228456913827655,2.228456913827655,6.617432066573752
13.274549098196392,2.274549098196392,6.603570993674886
13.320641282565129,2.320641282565129,6.589455387975025
13.366733466933868,2.3667334669338675,6.575086964758799
13.412825651302605,2.4128256513026045,6.56046746767622
13.458917835671341,2.4589178356713415,6.545598668399979
13.50501002004008,2.50501002004008,6.530482366277702
13.551102204408817,2.551102204408817,6.515120387979227
13.597194388777554,2.597194388777554,6.4995145871389965
13.643286573146291,2.643286573146291,6.483666843993679
13.68937875751503,2.68937875751503,6.467579065015096
13.735470941883767,2.735470941883767,6.451253182538559
13.781563126252504,2.781563126252504,6.434691154386708
13.827655310621243,2.8276553106212425,6.417894963488966
13.87374749498998,2.8737474949899795,6.400866617496692
13.919839679358716,2.9198396793587165,6.383608148394138
13.965931863727453,2.9659318637274534,6.366121612105315
14.012024048096192,3.012024048096192,6.348409088096874
14.05811623246493,3.058116232464929,6.3304726789771015
14.104208416833666,3.104208416833666,6.312314510091115
14.150300601202405,3.150300601202405,6.293936729112412
14.196392785571142,3.196392785571142,6.275341505630821
14.242484969939879,3.242484969939879,6.256531030737016
14.288577154308616,3.2885771543086157,6.237507516603641
14.334669338677354,3.3346693386773545,6.21827319606322
14.380761523046091,3.3807615230460915,6.1988303221829115
14.426853707414828,3.4268537074148284,6.1791811678362345
14.472945891783567,3.472945891783567,6.159328025271878
14.519038076152304,3.519038076152304,6.139273205679706
14.565130260521041,3.565130260521041,6.119019038754057
14.611222444889778,3.611222444889778,6.0985678722544625
14.657314629258517,3.657314629258517,6.077922071563892
14.703406813627254,3.7034068136272538,6.057084019244643
14.74949899799599,3.7494989979959907,6.036056114591976
14.79559118236473,3.7955911823647295,6.014840773185606
14.841683366733466,3.8416833667334664,5.9934404264392045
14.887775551102203,3.8877755511022034,5.9718575211479585
14.93386773547094,3.9338677354709404,5.950094519034356
14.97995991983968,3.979959919839679,5.928153896292296
15.026052104208416,4.026052104208416,5.906038143129624
15.072144288577153,4.072144288577153,5.883749763309225
15.118236472945892,4.118236472945892,5.861291273688774
15.164328657314629,4.164328657314629,5.838665203759282
15.210420841683366,4.210420841683366,5.815874095182521
15.256513026052103,4.256513026052103,5.792920501327471
15.302605210420841,4.302605210420841,5.76980698680588
15.348697394789578,4.348697394789578,5.746536127007077
15.394789579158315,4.394789579158315,5.72311050763213
15.440881763527054,4.440881763527054,5.699532724227472
15.486973947895791,4.486973947895791,5.675805381718116
15.533066132264528,4.533066132264528,5.651931093940565
15.579158316633265,4.579158316633265,5.627912483175521
15.625250501002004,4.625250501002004,5.603752179680537
15.67134268537074,4.671342685370741,5.579452821222699
15.717434869739478,4.717434869739478,5.555017052611444
15.763527054108216,4.763527054108216,5.530447525231664
15.809619238476953,4.809619238476953,5.505746896577171
15.85571142284569,4.85571142284569,5.480917829784641
15.901803607214427,4.901803607214427,5.455962993168177
15.947895791583166,4.947895791583166,5.430885059754552
15.993987975951903,4.993987975951903,5.405686706819303
16.04008016032064,5.040080160320642,5.380370615423711
16.086172344689377,5.086172344689377,5.354939469952858
16.132264529058116,5.132264529058116,5.329395957654791
16.178356713426854,5.178356713426854,5.303742768180969
16.22444889779559,5.22444889779559,5.277982593128046
16.27054108216433,5.270541082164328,5.252118125581123
16.316633266533064,5.316633266533064,5.22615205965858
16.362725450901802,5.362725450901802,5.200087090058562
16.40881763527054,5.408817635270541,5.173925911607261
16.454909819639276,5.454909819639276,5.1476712188090685
16.501002004008015,5.501002004008015,5.121325705398698
16.547094188376754,5.547094188376754,5.09489206389542
16.59318637274549,5.593186372745489,5.06837298515945
16.639278557114228,5.639278557114228,5.041771157950626
16.685370741482966,5.685370741482966,5.015089268489474
16.7314629258517,5.731462925851702,4.988330000020742
16.77755511022044,5.77755511022044,4.961496032379497
16.82364729458918,5.823647294589179,4.934590041559909
16.869739478957914,5.869739478957914,4.907614699286779
16.915831663326653,5.915831663326653,4.880572672589916
16.961923847695388,5.961923847695388,4.853466623381478
17.008016032064127,6.008016032064127,4.826299208036318
17.054108216432866,6.054108216432866,4.799073076975483
17.1002004008016,6.100200400801601,4.771790874252904
17.14629258517034,6.14629258517034,4.744455237145377
17.19238476953908,6.192384769539078,4.71706879574595
17.238476953907814,6.2384769539078135,4.689634172560752
17.284569138276552,6.284569138276552,4.662153982109378
17.33066132264529,6.330661322645291,4.63463083052891
17.376753507014026,6.376753507014026,4.60706731518164
17.422845691382765,6.422845691382765,4.5794660242665675
17.468937875751504,6.468937875751504,4.551829536434794
17.51503006012024,6.515030060120239,4.52416042040883
17.561122244488978,6.561122244488978,4.49646123460591
17.607214428857713,6.607214428857713,4.468734526765428
17.65330661322645,6.653306613226452,4.440982833580488
17.69939879759519,6.69939879759519,4.413208680333724
17.745490981963925,6.7454909819639255,4.385414580537381
17.791583166332664,6.791583166332664,4.357603035577764
17.837675350701403,6.837675350701403,4.329776534364138
17.883767535070138,6.883767535070138,4.301937552982093
17.929859719438877,6.929859719438877,4.27408855435146
17.975951903807616,6.975951903807616,4.246231987888865
18.02204408817635,7.022044088176351,4.218370289174929
18.06813627254509,7.06813627254509,4.1905058796262
18.11422845691383,7.114228456913828,4.162641166171894
18.160320641282564,7.1603206412825635,4.134778540935435
18.206412825651302,7.206412825651302,4.106920380920913
18.252505010020037,7.2525050100200374,4.079069047704483
18.298597194388776,7.298597194388776,4.0512268871307295
18.344689378757515,7.344689378757515,4.023396229014102
18.39078156312625,7.39078156312625,3.995579386845409
18.43687374749499,7.436873747494989,3.9677786575034366
18.482965931863728,7.482965931863728,3.9399963209717677
18.529058116232463,7.529058116232463,3.9122346400607717
18.5751503006012,7.5751503006012015,3.8844958601348614
18.62124248496994,7.62124248496994,3.856782208845045
18.667334669338675,7.6673346693386755,3.8290958958667822
18.713426853707414,7.713426853707414,3.801439112643198
18.759519038076153,7.759519038076153,3.773814032133698
18.805611222444888,7.805611222444888,3.7462228085679863
18.851703406813627,7.851703406813627,3.718667577205532
18.897795591182362,7.897795591182362,3.6911504541005216
18.9438877755511,7.943887775551101,3.663673535872285
18.98997995991984,7.98997995991984,3.636238899481274
19.036072144288575,8.036072144288575,3.6088486020105632
19.082164328657313,8.082164328657313,3.5815046804529156
19.128256513026052,8.128256513026052,3.554209151503448
19.174348697394787,8.174348697394787,3.5269640113578786
19.220440881763526,8.220440881763526,3.4997712355163855
19.266533066132265,8.266533066132265,3.4726327785931184
19.312625250501,8.312625250501,3.445550574131322
19.35871743486974,8.358717434869739,3.4185265344241134
19.404809619238478,8.404809619238478,3.39156255034094
19.450901803607213,8.450901803607213,3.3646604911596727
19.49699398797595,8.496993987975952,3.337822204404373
19.543086172344687,8.543086172344687,3.31104951568876
19.589178356713425,8.589178356713425,3.284344228565306
19.635270541082164,8.635270541082164,3.2577081243800516
19.6813627254509,8.6813627254509,3.231142962133062
19.727454909819638,8.727454909819638,3.2046504783445577
19.773547094188377,8.773547094188377,3.1782323869267266
19.819639278557112,8.819639278557112,3.151890379061177
19.86573146292585,8.86573146292585,3.125626123082039
19.91182364729459,8.91182364729459,3.09944126436472
19.957915831663325,8.957915831663325,3.073337425220284
20.004008016032063,9.004008016032063,3.047316204795432
20.050100200400802,9.050100200400802,3.021379178978113
20.096192384769537,9.096192384769537,2.9955279003086988
20.142284569138276,9.142284569138276,2.9697638978967307
20.18837675350701,9.188376753507011,2.9440886773432324
20.23446893787575,9.23446893787575,2.918503720668528
20.28056112224449,9.280561122244489,2.8930104862455917
20.326653306613224,9.326653306613224,2.867610408738875
20.372745490981963,9.372745490981963,2.842304899048579
20.4188376753507,9.418837675350701,2.8170953442603883
20.464929859719437,9.464929859719437,2.7919831076005965
20.511022044088175,9.511022044088175,2.7669695283966043
20.557114228456914,9.557114228456914,2.7420559220427845
20.60320641282565,9.60320641282565,2.7172435799716514
20.649298597194388,9.649298597194388,2.6925337696303098
20.695390781563127,9.695390781563127,2.6679277344621743
20.741482965931862,9.741482965931862,2.6434266938938813
20.7875751503006,9.7875751503006,2.6190318433273863
20.833667334669336,9.833667334669336,2.594744354137217
20.879759519038075,9.879759519038075,2.5705653736727965
20.925851703406813,9.925851703406813,2.5464960252658626
20.97194388777555,9.971943887775549,2.5225374082428833
21.018036072144287,10.018036072144287,2.4986905979424483
21.064128256513026,10.064128256513026,2.474956645737617
21.11022044088176,10.110220440881761,2.4513365790631294
21.1563126252505,10.1563126252505,2.4278314014474667
21.20240480961924,10.202404809619239,2.4044420925497247
21.248496993987974,10.248496993987974,2.3811696082012115
21.294589178356713,10.294589178356713,2.3580148804517473
21.34068136272545,10.340681362725451,2.334978817620636
21.386773547094187,10.386773547094187,2.3120623043522053
21.432865731462925,10.432865731462925,2.2892662016759036
21.47895791583166,10.47895791583166,2.2665913470709
21.5250501002004,10.5250501002004,2.2440385545351034
21.571142284569138,10.571142284569138,2.2216086146585856
21.617234468937873,10.617234468937873,2.199302294701326
21.663326653306612,10.663326653306612,2.1771203386752123
21.70941883767535,10.70941883767535,2.1550634674302915
21.755511022044086,10.755511022044086,2.1331323787451506
21.801603206412825,10.801603206412825,2.1113277474213996
21.847695390781563,10.847695390781563,2.0896502253822122
21.8937875751503,10.893787575150299,2.068100441774826
21.939879759519037,10.939879759519037,2.0466790030769677
21.985971943887776,10.985971943887776,2.025386493207146
22.03206412825651,11.032064128256511,2.004223473638726
22.07815631262525,11.07815631262525,1.9831904835177427
22.124248496993985,11.124248496993985,1.9622880397843907
22.170340681362724,11.170340681362724,1.9415166372981056
22.216432865731463,11.216432865731463,1.9208767489662053
22.262525050100198,11.262525050100198,1.9003688258759937
22.308617234468937,11.308617234468937,1.8799932974302813
22.354709418837675,11.354709418837675,1.8597505714862603
22.40080160320641,11.40080160320641,1.8396410344976517
22.44689378757515,11.44689378757515,1.8196650516600605
22.492985971943888,11.492985971943888,1.7998229670595005
22.539078156312623,11.539078156312623,1.7801151038239764
22.585170340681362,11.585170340681362,1.760541764278088
22.6312625250501,11.6312625250501,1.741103230100588
22.677354709418836,11.677354709418836,1.7217997624847994
22.723446893787575,11.723446893787575,1.7026316023018548
22.76953907815631,11.76953907815631,1.683598970266677
22.81563126252505,11.815631262525049,1.6647020671066204
22.861723446893787,11.861723446893787,1.6459410737327287
22.907815631262523,11.907815631262523,1.6273161514135228
22.95390781563126,11.953907815631261,1.6088274419512416
23.0,12.0,1.590475067860502
